{
  "accuracy": 0.8830128205128205,
  "sensitivity": 0.8538461538461538,
  "specificity": 0.9316239316239316,
  "precision": 0.9541547277936963,
  "f1_score": 0.9012178619756427,
  "auc_roc": 0.95997150997151,
  "confusion_matrix": {
    "true_negatives": 218,
    "false_positives": 16,
    "false_negatives": 57,
    "true_positives": 333
  }
}